Host,IP Address,Corrections needed
,20.200.36.1,Remove - Possibly stale IP allocation
,20.200.36.2,Remove - Possibly stale IP allocation
,20.200.36.3,Remove - Possibly stale IP allocation
,20.200.36.4,Remove - Possibly stale IP allocation
DFWRARITAN1P,20.200.36.5,Remove - Possibly stale IP allocation
,20.200.36.6,Remove - Possibly stale IP allocation
,20.200.36.7,Remove - Possibly stale IP allocation
,20.200.36.8,Remove - Possibly stale IP allocation
,20.200.36.9,Remove - Possibly stale IP allocation
HP C6000-OA1,20.200.36.10,Remove - Possibly stale IP allocation
HP C6000-OA2,20.200.36.11,Remove - Possibly stale IP allocation
HPC2000OA3Retired,20.200.36.12,Remove - Possibly stale IP allocation
HPC2000OA3Retired,20.200.36.13,Remove - Possibly stale IP allocation
HPC2000TestLab,20.200.36.14,Remove - Possibly stale IP allocation
,20.200.36.15,Remove - Possibly stale IP allocation
,20.200.36.16,Remove - Possibly stale IP allocation
,20.200.36.17,Remove - Possibly stale IP allocation
,20.200.36.18,Remove - Possibly stale IP allocation
,20.200.36.19,Remove - Possibly stale IP allocation
,20.200.36.20,Remove - Possibly stale IP allocation
C6000 Bay 1,20.200.36.21,Remove - Possibly stale IP allocation
C6000 Bay 2,20.200.36.22,Remove - Possibly stale IP allocation
C6000 Bay 3,20.200.36.23,Remove - Possibly stale IP allocation
C6000 Bay 4,20.200.36.24,Remove - Possibly stale IP allocation
